Workbook

Sheet raw
A1: Statistic Label | B1: Quarter | C1: Electricity Consumption | D1: UNIT | E1: VALUE | F1: YEAR
A2: Gigawatt hours | B2: 2015Q1 | C2: All metered electricity consumption | D2: GWh | E2: 6565 | F2: =VALUE(LEFT(B2,4)) -> 2015
A3: Gigawatt hours | B3: 2015Q1 | C3: Data centres | D3: GWh | E3: 291 | F3: =VALUE(LEFT(B3,4)) -> 2015
A4: Gigawatt hours | B4: 2015Q1 | C4: Customers other than data centres | D4: GWh | E4: 6274 | F4: =VALUE(LEFT(B4,4)) -> 2015
A5: Gigawatt hours | B5: 2015Q2 | C5: All metered electricity consumption | D5: GWh | E5: 6086 | F5: =VALUE(LEFT(B5,4)) -> 2015
A6: Gigawatt hours | B6: 2015Q2 | C6: Data centres | D6: GWh | E6: 304 | F6: =VALUE(LEFT(B6,4)) -> 2015
A7: Gigawatt hours | B7: 2015Q2 | C7: Customers other than data centres | D7: GWh | E7: 5783 | F7: =VALUE(LEFT(B7,4)) -> 2015
A8: Gigawatt hours | B8: 2015Q3 | C8: All metered electricity consumption | D8: GWh | E8: 5783 | F8: =VALUE(LEFT(B8,4)) -> 2015
A9: Gigawatt hours | B9: 2015Q3 | C9: Data centres | D9: GWh | E9: 316 | F9: =VALUE(LEFT(B9,4)) -> 2015
A10: Gigawatt hours | B10: 2015Q3 | C10: Customers other than data centres | D10: GWh | E10: 5467 | F10: =VALUE(LEFT(B10,4)) -> 2015
A11: Gigawatt hours | B11: 2015Q4 | C11: All metered electricity consumption | D11: GWh | E11: 6165 | F11: =VALUE(LEFT(B11,4)) -> 2015
A12: Gigawatt hours | B12: 2015Q4 | C12: Data centres | D12: GWh | E12: 329 | F12: =VALUE(LEFT(B12,4)) -> 2015
A13: Gigawatt hours | B13: 2015Q4 | C13: Customers other than data centres | D13: GWh | E13: 5836 | F13: =VALUE(LEFT(B13,4)) -> 2015
... A133: Gigawatt hours | B133: 2025Q4 | C133: Customers other than data centres | D133: GWh | E133: 6429 | F133: =VALUE(LEFT(B133,4)) -> 2025

Sheet cso_published
A1: Year | B1: DC_published | C1: Other_published | D1: Total_published
A2: 2015 | B2: 1240 | C2: 23360 | D2: 24600
A3: 2016 | B3: 1482 | C3: 23874 | D3: 25356
A4: 2017 | B4: 1762 | C4: 23963 | D4: 25725
A5: 2018 | B5: 2182 | C5: 24548 | D5: 26730
A6: 2019 | B6: 2490 | C6: 24015 | D6: 26505
A7: 2020 | B7: 3030 | C7: 24025 | D7: 27056
A8: 2021 | B8: 4012 | C8: 24493 | D8: 28506
A9: 2022 | B9: 5273 | C9: 24551 | D9: 29824
A10: 2023 | B10: 6339 | C10: 24242 | D10: 30581
A11: 2024 | B11: 6973 | C11: 24930 | D11: 31903
A12: 2025 | B12: 7663 | C12: 25324 | D12: 32986

Sheet reconciliation
A1: YEAR | B1: DC_calculated | C1: DC_published | D1: Difference | E1: Check
A2: 2015 | B2: =SUMIFS(raw!E:E, raw!F:F, A2, raw!C:C, "Data centres") -> 1240 | C2: =_xlfn.XLOOKUP(A2, cso_published!A:A, cso_published!B:B) -> 1240 | D2: =B2-C2 -> 0 | E2: =IF(ABS(D2)<=1, "PASS", "CHECK") -> PASS
A3: 2016 | B3: =SUMIFS(raw!E:E, raw!F:F, A3, raw!C:C, "Data centres") -> 1483 | C3: =_xlfn.XLOOKUP(A3, cso_published!A:A, cso_published!B:B) -> 1482 | D3: =B3-C3 -> 1 | E3: =IF(ABS(D3)<=1, "PASS", "CHECK") -> PASS
A4: 2017 | B4: =SUMIFS(raw!E:E, raw!F:F, A4, raw!C:C, "Data centres") -> 1762 | C4: =_xlfn.XLOOKUP(A4, cso_published!A:A, cso_published!B:B) -> 1762 | D4: =B4-C4 -> 0 | E4: =IF(ABS(D4)<=1, "PASS", "CHECK") -> PASS
A5: 2018 | B5: =SUMIFS(raw!E:E, raw!F:F, A5, raw!C:C, "Data centres") -> 2183 | C5: =_xlfn.XLOOKUP(A5, cso_published!A:A, cso_published!B:B) -> 2182 | D5: =B5-C5 -> 1 | E5: =IF(ABS(D5)<=1, "PASS", "CHECK") -> PASS
A6: 2019 | B6: =SUMIFS(raw!E:E, raw!F:F, A6, raw!C:C, "Data centres") -> 2489 | C6: =_xlfn.XLOOKUP(A6, cso_published!A:A, cso_published!B:B) -> 2490 | D6: =B6-C6 -> -1 | E6: =IF(ABS(D6)<=1, "PASS", "CHECK") -> PASS
A7: 2020 | B7: =SUMIFS(raw!E:E, raw!F:F, A7, raw!C:C, "Data centres") -> 3031 | C7: =_xlfn.XLOOKUP(A7, cso_published!A:A, cso_published!B:B) -> 3030 | D7: =B7-C7 -> 1 | E7: =IF(ABS(D7)<=1, "PASS", "CHECK") -> PASS
A8: 2021 | B8: =SUMIFS(raw!E:E, raw!F:F, A8, raw!C:C, "Data centres") -> 4013 | C8: =_xlfn.XLOOKUP(A8, cso_published!A:A, cso_published!B:B) -> 4012 | D8: =B8-C8 -> 1 | E8: =IF(ABS(D8)<=1, "PASS", "CHECK") -> PASS
A9: 2022 | B9: =SUMIFS(raw!E:E, raw!F:F, A9, raw!C:C, "Data centres") -> 5274 | C9: =_xlfn.XLOOKUP(A9, cso_published!A:A, cso_published!B:B) -> 5273 | D9: =B9-C9 -> 1 | E9: =IF(ABS(D9)<=1, "PASS", "CHECK") -> PASS
A10: 2023 | B10: =SUMIFS(raw!E:E, raw!F:F, A10, raw!C:C, "Data centres") -> 6339 | C10: =_xlfn.XLOOKUP(A10, cso_published!A:A, cso_published!B:B) -> 6339 | D10: =B10-C10 -> 0 | E10: =IF(ABS(D10)<=1, "PASS", "CHECK") -> PASS
A11: 2024 | B11: =SUMIFS(raw!E:E, raw!F:F, A11, raw!C:C, "Data centres") -> 6974 | C11: =_xlfn.XLOOKUP(A11, cso_published!A:A, cso_published!B:B) -> 6973 | D11: =B11-C11 -> 1 | E11: =IF(ABS(D11)<=1, "PASS", "CHECK") -> PASS
A12: 2025 | B12: =SUMIFS(raw!E:E, raw!F:F, A12, raw!C:C, "Data centres") -> 7662 | C12: =_xlfn.XLOOKUP(A12, cso_published!A:A, cso_published!B:B) -> 7663 | D12: =B12-C12 -> -1 | E12: =IF(ABS(D12)<=1, "PASS", "CHECK") -> PASS
A14: Years passed | B14: =COUNTIF(E2:E12, "PASS") & " / " & COUNTA(E2:E12) -> 11 / 11

Sheet pivot
B3: Electricity Consumption | C3: Values
B4: Customers other than data centres | D4: Data centres | F4: Total Sum of VALUE | G4: Total Share %
A5: YEAR | B5: Sum of VALUE | C5: Share % | D5: Sum of VALUE | E5: Share %
A6: 2015 | B6: 23360 | C6: 0.9495935 | D6: 1240 | E6: 0.050406504 | F6: 24600 | G6: 1
A7: 2016 | B7: 23873 | C7: 0.94151286 | D7: 1483 | E7: 0.058487143 | F7: 25356 | G7: 1
A8: 2017 | B8: 23963 | C8: 0.93150632 | D8: 1762 | E8: 0.068493683 | F8: 25725 | G8: 1
A9: 2018 | B9: 24548 | C9: 0.91833452 | D9: 2183 | E9: 0.081665482 | F9: 26731 | G9: 1
A10: 2019 | B10: 24016 | C10: 0.90609319 | D10: 2489 | E10: 0.09390681 | F10: 26505 | G10: 1
A11: 2020 | B11: 24026 | C11: 0.88797723 | D11: 3031 | E11: 0.11202277 | F11: 27057 | G11: 1
A12: 2021 | B12: 24494 | C12: 0.85922756 | D12: 4013 | E12: 0.14077244 | F12: 28507 | G12: 1
A13: 2022 | B13: 24552 | C13: 0.82317441 | D13: 5274 | E13: 0.17682559 | F13: 29826 | G13: 1
A14: 2023 | B14: 24242 | C14: 0.79271443 | D14: 6339 | E14: 0.20728557 | F14: 30581 | G14: 1
A15: 2024 | B15: 24930 | C15: 0.78140672 | D15: 6974 | E15: 0.21859328 | F15: 31904 | G15: 1
A16: 2025 | B16: 25323 | C16: 0.7677126 | D16: 7662 | E16: 0.2322874 | F16: 32985 | G16: 1
A17: Grand Total | B17: 267327 | C17: 0.86296594 | D17: 42450 | E17: 0.13703406 | F17: 309777 | G17: 1
